device_id,individual_id,timestamp,lon,lat,state_province,state_abbrev,window_start_utc,window_end_utc
377521,8303760222,2026-09-29T19:34:29Z,-111.17436981201172,53.18932342529297,Alberta,AB,2026-08-31T12:42:20Z,2026-09-30T12:42:20Z
377527,8163509452,2026-09-30T02:48:57Z,-111.90210723876953,54.718135833740234,Alberta,AB,2026-08-31T12:42:20Z,2026-09-30T12:42:20Z
227229,6991544271,2026-09-03T00:58:05Z,-100.03105163574219,50.352725982666016,Manitoba,MB,2026-08-31T12:42:20Z,2026-09-30T12:42:20Z
377524,8265478842,2026-09-30T04:12:16Z,-100.8182601928711,50.719181060791016,Manitoba,MB,2026-08-31T12:42:20Z,2026-09-30T12:42:20Z
236638,8265478840,2026-09-15T04:18:21Z,-98.56946563720703,47.553245544433594,North Dakota,ND,2026-08-31T12:42:20Z,2026-09-30T12:42:20Z
247417,6993999484,2026-09-30T06:42:05Z,-99.13549041748047,48.22924041748047,North Dakota,ND,2026-08-31T12:42:20Z,2026-09-30T12:42:20Z
377518,8163509443,2026-09-25T11:50:53Z,-100.17566680908203,47.8055534362793,North Dakota,ND,2026-08-31T12:42:20Z,2026-09-30T12:42:20Z
377526,8163509449,2026-09-30T02:12:03Z,-100.5481185913086,48.86537551879883,North Dakota,ND,2026-08-31T12:42:20Z,2026-09-30T12:42:20Z
377545,8265478837,2026-09-30T00:24:35Z,-98.55672454833984,48.669219970703125,North Dakota,ND,2026-08-31T12:42:20Z,2026-09-30T12:42:20Z
377546,8163509436,2026-09-30T06:48:07Z,-99.32044982910156,48.81324768066406,North Dakota,ND,2026-08-31T12:42:20Z,2026-09-30T12:42:20Z
247412,6993999480,2026-09-30T03:55:37Z,-104.76557922363281,51.84137725830078,Saskatchewan,SK,2026-08-31T12:42:20Z,2026-09-30T12:42:20Z
247414,6993999488,2026-09-28T04:19:16Z,-105.8159408569336,51.58852767944336,Saskatchewan,SK,2026-08-31T12:42:20Z,2026-09-30T12:42:20Z
247429,6993999501,2026-09-28T00:06:14Z,-104.90364074707031,53.010990142822266,Saskatchewan,SK,2026-08-31T12:42:20Z,2026-09-30T12:42:20Z
247435,6993999506,2026-09-28T18:09:36Z,-104.21742248535156,50.221290588378906,Saskatchewan,SK,2026-08-31T12:42:20Z,2026-09-30T12:42:20Z
247445,8265478833,2026-09-30T01:50:44Z,-106.77363586425781,52.850257873535156,Saskatchewan,SK,2026-08-31T12:42:20Z,2026-09-30T12:42:20Z
247446,6993999518,2026-09-30T10:20:43Z,-102.71588897705078,50.490848541259766,Saskatchewan,SK,2026-08-31T12:42:20Z,2026-09-30T12:42:20Z
370818,8265478843,2026-09-28T06:45:55Z,-102.25994873046875,49.71348571777344,Saskatchewan,SK,2026-08-31T12:42:20Z,2026-09-30T12:42:20Z
377511,8163509460,2026-09-30T11:30:29Z,-108.20831298828125,52.971675872802734,Saskatchewan,SK,2026-08-31T12:42:20Z,2026-09-30T12:42:20Z
377513,8163509466,2026-09-29T18:53:29Z,-103.6187973022461,52.1013069152832,Saskatchewan,SK,2026-08-31T12:42:20Z,2026-09-30T12:42:20Z
377515,8265478838,2026-09-30T00:23:35Z,-103.38215637207031,51.588623046875,Saskatchewan,SK,2026-08-31T12:42:20Z,2026-09-30T12:42:20Z
377523,8163509446,2026-09-29T19:48:27Z,-109.23920440673828,54.43621063232422,Saskatchewan,SK,2026-08-31T12:42:20Z,2026-09-30T12:42:20Z
377528,8265478831,2026-09-30T01:47:41Z,-104.88602447509766,51.535560607910156,Saskatchewan,SK,2026-08-31T12:42:20Z,2026-09-30T12:42:20Z
377532,8163509454,2026-09-29T02:04:05Z,-108.09651947021484,52.89736557006836,Saskatchewan,SK,2026-08-31T12:42:20Z,2026-09-30T12:42:20Z
377535,8163509426,2026-09-29T17:50:06Z,-103.24400329589844,51.55944061279297,Saskatchewan,SK,2026-08-31T12:42:20Z,2026-09-30T12:42:20Z
377538,8163509428,2026-09-29T00:01:35Z,-102.87171936035156,53.484039306640625,Saskatchewan,SK,2026-08-31T12:42:20Z,2026-09-30T12:42:20Z
377540,8265478845,2026-09-30T00:18:48Z,-103.13935852050781,49.925785064697266,Saskatchewan,SK,2026-08-31T12:42:20Z,2026-09-30T12:42:20Z
377548,8163509439,2026-09-29T19:04:15Z,-102.38654327392578,51.40903854370117,Saskatchewan,SK,2026-08-31T12:42:20Z,2026-09-30T12:42:20Z
377514,8163509467,2026-09-29T19:37:40Z,-97.70872497558594,44.83163070678711,South Dakota,SD,2026-08-31T12:42:20Z,2026-09-30T12:42:20Z
377517,8163509448,2026-09-29T21:53:10Z,-97.66411590576172,45.38630294799805,South Dakota,SD,2026-08-31T12:42:20Z,2026-09-30T12:42:20Z
