device_id,n_fixes,start_time,end_time,start_lon,start_lat,end_lon,end_lat,net_km,lat_change,max_lat,min_lat,top_state,top_state_prop,current_state,current_state_abbrev,migration_status
377523,696,2026-09-08T12:47:14Z,2026-10-08T01:47:09Z,-111.79568481445312,58.62729263305664,-109.24298858642578,54.42103576660156,493.13375390047077,-4.206256866455078,58.63105010986328,54.38920974731445,Saskatchewan,0.8721264367816092,Saskatchewan,SK,Transitional
377545,707,2026-09-08T13:24:35Z,2026-10-08T06:25:41Z,-98.41217041015625,50.13587188720703,-97.43762969970703,47.30337905883789,322.9634211150441,-2.8324928283691406,50.17227554321289,47.24469757080078,North Dakota,0.8444130127298444,North Dakota,ND,Transitional
247435,678,2026-09-08T13:09:37Z,2026-10-06T18:09:26Z,-104.73339080810547,51.0937614440918,-104.21975708007812,50.221004486083984,103.58001261131797,-0.8727569580078125,51.148040771484375,50.193058013916016,Saskatchewan,1,Saskatchewan,SK,Transitional
247446,706,2026-09-08T13:21:23Z,2026-10-07T22:20:40Z,-101.884521484375,50.301090240478516,-102.36016082763672,50.444610595703125,37.316400511904384,0.14352035522460938,50.49617385864258,50.272918701171875,Saskatchewan,1,Saskatchewan,SK,Local
377532,684,2026-09-08T13:04:05Z,2026-10-07T08:04:19Z,-108.49325561523438,53.06476593017578,-108.11640930175781,52.92436599731445,29.662070133034955,-0.14039993286132812,53.065101623535156,52.88444900512695,Saskatchewan,1,Saskatchewan,SK,Local
377527,708,2026-09-08T12:48:54Z,2026-10-08T02:49:28Z,-112.01904296875,54.52079391479492,-111.9017105102539,54.718257904052734,23.220152431302207,0.1974639892578125,54.72871780395508,54.52079391479492,Alberta,1,Alberta,AB,Local
247412,716,2026-09-08T12:55:56Z,2026-10-08T09:55:44Z,-104.53531646728516,51.90131378173828,-104.74474334716797,51.84890365600586,15.513257938004099,-0.052410125732421875,51.92512130737305,51.82377624511719,Saskatchewan,1,Saskatchewan,SK,Local
236638,660,2026-09-08T13:18:16Z,2026-10-06T00:18:02Z,-98.52393341064453,47.58850860595703,-98.68842315673828,47.518978118896484,14.565517215345091,-0.069530487060546875,48.17961120605469,47.478336334228516,North Dakota,1,North Dakota,ND,Local
377528,704,2026-09-08T12:48:07Z,2026-10-08T01:47:53Z,-104.68592071533203,51.59160232543945,-104.88046264648438,51.54170608520508,14.546255463288087,-0.049896240234375,51.60073471069336,51.530155181884766,Saskatchewan,1,Saskatchewan,SK,Local
247417,703,2026-09-08T12:42:02Z,2026-10-07T18:42:05Z,-99.08727264404297,48.12978744506836,-99.13604736328125,48.22990036010742,11.70473977701342,0.1001129150390625,48.244964599609375,48.12262725830078,North Dakota,1,North Dakota,ND,Local
377524,681,2026-09-08T13:12:23Z,2026-10-06T22:12:35Z,-100.80814361572266,50.686866760253906,-100.77398681640625,50.588584899902344,11.190782534820622,-0.0982818603515625,50.73250961303711,50.56610107421875,Manitoba,1,Manitoba,MB,Local
377546,715,2026-09-08T12:47:53Z,2026-10-08T06:48:05Z,-99.18769836425781,48.847198486328125,-99.32283782958984,48.815181732177734,10.513008619624948,-0.032016754150390625,48.848148345947266,48.80571365356445,North Dakota,1,North Dakota,ND,Local
377526,713,2026-09-08T13:12:19Z,2026-10-08T08:12:19Z,-100.55775451660156,48.84892272949219,-100.64054107666016,48.78318405151367,9.496124077656289,-0.065738677978515625,48.878475189208984,48.78058624267578,North Dakota,1,North Dakota,ND,Local
377540,688,2026-09-08T13:19:04Z,2026-10-07T12:19:05Z,-103.16690063476562,49.8582878112793,-103.14328002929688,49.92243194580078,7.330485484473276,0.064144134521484375,49.92962646484375,49.85169219970703,Saskatchewan,1,Saskatchewan,SK,Local
377514,704,2026-09-08T12:53:20Z,2026-10-08T01:37:41Z,-97.71015167236328,44.826656341552734,-97.76810455322266,44.86823272705078,6.499736280597517,0.041576385498046875,44.87028503417969,44.81420135498047,South Dakota,1,South Dakota,SD,Local
377513,685,2026-09-08T12:53:23Z,2026-10-07T06:53:29Z,-103.62156677246094,52.121219635009766,-103.71104431152344,52.14045333862305,6.471209199704751,0.01923370361328125,52.14118576049805,52.07977294921875,Saskatchewan,1,Saskatchewan,SK,Local
247414,705,2026-09-08T13:19:25Z,2026-10-07T22:18:36Z,-105.81784057617188,51.59500503540039,-105.82318878173828,51.551475524902344,4.85435892424929,-0.043529510498046875,51.60089874267578,51.52296829223633,Saskatchewan,1,Saskatchewan,SK,Local
377548,693,2026-09-08T13:03:53Z,2026-10-08T01:04:23Z,-102.37664031982422,51.41328811645508,-102.4026107788086,51.399192810058594,2.3877834449485027,-0.014095306396484375,51.42207336425781,51.37849807739258,Saskatchewan,1,Saskatchewan,SK,Local
370818,670,2026-09-08T12:45:43Z,2026-10-06T12:45:17Z,-102.2701416015625,49.71847152709961,-102.30166625976562,49.718528747558594,2.2663939904196915,5.7220458984375e-5,49.722801208496094,49.66387176513672,Saskatchewan,1,Saskatchewan,SK,Local
377538,701,2026-09-08T13:01:34Z,2026-10-08T00:01:29Z,-103.09315490722656,53.31809616088867,-103.11292266845703,53.334327697753906,2.2318247624850307,0.016231536865234375,53.53717041015625,53.31511306762695,Saskatchewan,1,Saskatchewan,SK,Local
377535,706,2026-09-08T12:50:35Z,2026-10-07T23:50:35Z,-103.23826599121094,51.57114791870117,-103.24790954589844,51.587982177734375,1.986958513684411,0.016834259033203125,51.589996337890625,51.559383392333984,Saskatchewan,1,Saskatchewan,SK,Local
227229,46,2026-09-08T12:57:48Z,2026-09-10T09:58:35Z,-100.03301239013672,50.348304748535156,-100.03564453125,50.36454391479492,1.8153449988383588,0.016239166259765625,50.365055084228516,50.348228454589844,Manitoba,1,Manitoba,MB,Local
377515,713,2026-09-08T13:23:35Z,2026-10-08T06:23:35Z,-103.38279724121094,51.59293746948242,-103.36502075195312,51.59984588623047,1.4483881033780355,0.006908416748046875,51.614627838134766,51.5748291015625,Saskatchewan,1,Saskatchewan,SK,Local
377517,711,2026-09-08T12:53:07Z,2026-10-08T03:53:35Z,-97.66404724121094,45.385948181152344,-97.65912628173828,45.3783073425293,0.9325073996472575,-0.007640838623046875,45.39332962036133,45.351558685302734,South Dakota,1,South Dakota,SD,Local
377511,681,2026-09-08T13:30:35Z,2026-10-07T05:30:32Z,-108.1116943359375,52.960670471191406,-108.12449645996094,52.961368560791016,0.8609832760484712,6.98089599609375e-4,52.97196960449219,52.95035934448242,Saskatchewan,1,Saskatchewan,SK,Local
247429,702,2026-09-08T13:06:01Z,2026-10-07T18:05:46Z,-104.90354919433594,53.0106086730957,-104.90826416015625,53.01496505737305,0.5780532991304245,0.00435638427734375,53.0251350402832,53.00402069091797,Saskatchewan,1,Saskatchewan,SK,Local
377521,708,2026-09-08T13:34:24Z,2026-10-08T01:34:33Z,-111.17467498779297,53.18804931640625,-111.17398071289062,53.18856430053711,0.0736129125892548,5.14984130859375e-4,53.201927185058594,53.185787200927734,Alberta,1,Alberta,AB,Local
377518,380,2026-09-08T13:18:35Z,2026-09-25T11:50:53Z,-100.17643737792969,47.80577087402344,-100.17566680908203,47.8055534362793,0.06242172707473501,-2.17437744140625e-4,47.80705642700195,47.80546188354492,North Dakota,1,North Dakota,ND,Local
247445,113,2026-09-09T01:43:36Z,2026-10-08T01:24:36Z,-106.77377319335938,52.85013961791992,-106.77381134033203,52.85001754760742,0.013813216303362217,-1.220703125e-4,52.85121536254883,52.84987258911133,Saskatchewan,1,Saskatchewan,SK,Local
